{
	"wireframe": [{
		"path": "images/avatar.svg"
	}, {
		"path": "images/browser.svg"
	}, {
		"path": "images/button_fill.svg"
	}, {
		"path": "images/combobox.svg"
	}, {
		"path": "images/cursor.svg"
	}, {
		"path": "images/scroll.svg"
	}, {
		"path": "images/search.svg"
	}, {
		"path": "images/stroke.svg"
	}, {
		"path": "images/textedit.svg"
	}, {
		"path": "images/twinarrows.svg"
	}, {
		"path": "images/volume.svg"
	}, {
		"path": "images/window.svg"
	}],
	"basic": [{
		"path": "images/basic/text-128.png",
		"method":"addText"
	}, {
		"path": "images/basic/empty-flag-128.png",
		"method":"addTextType"
	}, {
		"path": "images/basic/pin-128.png",
		"method":"addComments"
	}, {
		"path": "images/basic/circle-outline-128.png",
		"method":"addCircle"
	}, {
		"path": "images/basic/square-outline-128.png",
		"method":"addRect"
	}, {
		"path": "images/basic/triangle-outline-128.png",
		"method":"addTriangle"
	}, {
		"path": "images/basic/line-2-128.png",
		"method":"addLine"
	}, {
		"path": "images/basic/polygom-128.png",
		"method":"addPolygon"
	}]
}
