{
	"wireframe": [{
		"path": "images/avatar.svg"
	}, {
		"path": "images/browser.svg"
	}, {
		"path": "images/button_fill.svg"
	}, {
		"path": "images/combobox.svg"
	}, {
		"path": "images/cursor.svg"
	}, {
		"path": "images/scroll.svg"
	}, {
		"path": "images/search.svg"
	}, {
		"path": "images/stroke.svg"
	}, {
		"path": "images/textedit.svg"
	}, {
		"path": "images/twinarrows.svg"
	}, {
		"path": "images/volume.svg"
	}, {
		"path": "images/window.svg"
	}],
	"basic": [{
		"path": "images/stencils/Common/Icons/plain-text.png",
		"method":"addText"
	}, {
		"path": "images/stencils/Common/Icons/rich-text.png",
		"method":"addTextType"
	}, {
		"path": "images/stencils/Common/Icons/balloon.png",
		"method":"addComments"
	}, {
		"path": "images/stencils/Common/Icons/oval.png",
		"method":"addCircle"
	}, {
		"path": "images/stencils/Common/Icons/rectangle.png",
		"method":"addRect"
	}, {
		"path": "images/stencils/Common/Icons/triangle.png",
		"method":"addTriangle"
	}, {
		"path": "images/stencils/Common/Icons/free-line.png",
		"method":"addLine"
	}, {
		"path": "images/stencils/Common/Icons/diamond.png",
		"method":"addPolygon"
	}]
}
